<ImportExportXml version="9.2.25081.188" SolutionPackageVersion="9.2" languagecode="1046" generatedBy="CrmLive" xmlns:xsi="http://www.w3.org/2001/XMLSchema-instance" OrganizationVersion="9.2.25081.188" OrganizationSchemaType="Standard" CRMServerServiceabilityVersion="9.2.25081.00196">
  <SolutionManifest>
    <UniqueName>Proj1SetorImobiliario</UniqueName>
    <LocalizedNames>
      <LocalizedName description="Proj1 - Setor Imobiliário" languagecode="1046" />
    </LocalizedNames>
    <Descriptions />
    <Version>1.0.0.8</Version>
    <Managed>0</Managed>
    <Publisher>
      <UniqueName>SetorImobiliario</UniqueName>
      <LocalizedNames>
        <LocalizedName description="Setor Imobiliario" languagecode="1046" />
      </LocalizedNames>
      <Descriptions />
      <EMailAddress xsi:nil="true"></EMailAddress>
      <SupportingWebsiteUrl xsi:nil="true"></SupportingWebsiteUrl>
      <CustomizationPrefix>imb</CustomizationPrefix>
      <CustomizationOptionValuePrefix>82606</CustomizationOptionValuePrefix>
      <Addresses>
        <Address>
          <AddressNumber>1</AddressNumber>
          <AddressTypeCode>1</AddressTypeCode>
          <City xsi:nil="true"></City>
          <County xsi:nil="true"></County>
          <Country xsi:nil="true"></Country>
          <Fax xsi:nil="true"></Fax>
          <FreightTermsCode xsi:nil="true"></FreightTermsCode>
          <ImportSequenceNumber xsi:nil="true"></ImportSequenceNumber>
          <Latitude xsi:nil="true"></Latitude>
          <Line1 xsi:nil="true"></Line1>
          <Line2 xsi:nil="true"></Line2>
          <Line3 xsi:nil="true"></Line3>
          <Longitude xsi:nil="true"></Longitude>
          <Name xsi:nil="true"></Name>
          <PostalCode xsi:nil="true"></PostalCode>
          <PostOfficeBox xsi:nil="true"></PostOfficeBox>
          <PrimaryContactName xsi:nil="true"></PrimaryContactName>
          <ShippingMethodCode>1</ShippingMethodCode>
          <StateOrProvince xsi:nil="true"></StateOrProvince>
          <Telephone1 xsi:nil="true"></Telephone1>
          <Telephone2 xsi:nil="true"></Telephone2>
          <Telephone3 xsi:nil="true"></Telephone3>
          <TimeZoneRuleVersionNumber xsi:nil="true"></TimeZoneRuleVersionNumber>
          <UPSZone xsi:nil="true"></UPSZone>
          <UTCOffset xsi:nil="true"></UTCOffset>
          <UTCConversionTimeZoneCode xsi:nil="true"></UTCConversionTimeZoneCode>
        </Address>
        <Address>
          <AddressNumber>2</AddressNumber>
          <AddressTypeCode>1</AddressTypeCode>
          <City xsi:nil="true"></City>
          <County xsi:nil="true"></County>
          <Country xsi:nil="true"></Country>
          <Fax xsi:nil="true"></Fax>
          <FreightTermsCode xsi:nil="true"></FreightTermsCode>
          <ImportSequenceNumber xsi:nil="true"></ImportSequenceNumber>
          <Latitude xsi:nil="true"></Latitude>
          <Line1 xsi:nil="true"></Line1>
          <Line2 xsi:nil="true"></Line2>
          <Line3 xsi:nil="true"></Line3>
          <Longitude xsi:nil="true"></Longitude>
          <Name xsi:nil="true"></Name>
          <PostalCode xsi:nil="true"></PostalCode>
          <PostOfficeBox xsi:nil="true"></PostOfficeBox>
          <PrimaryContactName xsi:nil="true"></PrimaryContactName>
          <ShippingMethodCode>1</ShippingMethodCode>
          <StateOrProvince xsi:nil="true"></StateOrProvince>
          <Telephone1 xsi:nil="true"></Telephone1>
          <Telephone2 xsi:nil="true"></Telephone2>
          <Telephone3 xsi:nil="true"></Telephone3>
          <TimeZoneRuleVersionNumber xsi:nil="true"></TimeZoneRuleVersionNumber>
          <UPSZone xsi:nil="true"></UPSZone>
          <UTCOffset xsi:nil="true"></UTCOffset>
          <UTCConversionTimeZoneCode xsi:nil="true"></UTCConversionTimeZoneCode>
        </Address>
      </Addresses>
    </Publisher>
    <RootComponents>
      <RootComponent type="1" schemaName="imb_cliente" behavior="0" />
      <RootComponent type="1" schemaName="imb_corretor" behavior="0" />
      <RootComponent type="1" schemaName="imb_imovel" behavior="0" />
      <RootComponent type="1" schemaName="imb_negociacao" behavior="0" />
      <RootComponent type="1" schemaName="imb_proprietariodoimovel" behavior="0" />
      <RootComponent type="9" schemaName="imb_estado" behavior="0" />
      <RootComponent type="29" id="{24710217-d07a-f011-b4cb-002248dfdce2}" behavior="0" />
      <RootComponent type="29" id="{2e204eba-cc7a-f011-b4cb-002248dfdce2}" behavior="0" />
      <RootComponent type="29" id="{868c3ae7-1c7e-f011-b4cb-00224836f224}" behavior="0" />
      <RootComponent type="29" id="{c8611b2f-217e-f011-b4cb-00224836f224}" behavior="0" />
      <RootComponent type="29" id="{fa5569aa-1c7e-f011-b4cb-00224836f224}" behavior="0" />
      <RootComponent type="61" schemaName="imb_cliente" behavior="0" />
      <RootComponent type="61" schemaName="imb_corretor" behavior="0" />
      <RootComponent type="61" schemaName="imb_formatarTelefone" behavior="0" />
      <RootComponent type="61" schemaName="imb_home" behavior="0" />
      <RootComponent type="61" schemaName="imb_imoveis" behavior="0" />
      <RootComponent type="61" schemaName="imb_negociacao" behavior="0" />
      <RootComponent type="61" schemaName="imb_proprietario" behavior="0" />
      <RootComponent type="61" schemaName="imb_validarCNPJ" behavior="0" />
      <RootComponent type="61" schemaName="imb_validarCPF" behavior="0" />
      <RootComponent type="61" schemaName="imb_validarRG" behavior="0" />
      <RootComponent type="62" schemaName="imb_Imobiliaria" behavior="0" />
      <RootComponent type="80" schemaName="imb_Imobiliaria" behavior="0" />
    </RootComponents>
    <MissingDependencies>
      <MissingDependency>
        <Required type="61" schemaName="msdyn_/Images/AppModule_Default_Icon.png" displayName="msdyn_/Images/AppModule_Default_Icon.png" solution="AppModuleWebResources (2.5)">
          <package appName="AppModule Web Resources Package" version="2.5">AppModuleWebResources (2.5)</package>
        </Required>
        <Dependent type="80" schemaName="imb_Imobiliaria" displayName="Aplicação para Imobiliária" />
      </MissingDependency>
      <MissingDependency>
        <Required type="SettingDefinition" displayName="AppChannel" solution="msdyn_AppFrameworkInfraExtensions (1.0.0.15)" id.uniquename="AppChannel">
          <package appName="PowerAppsAppFramework Package" version="1.0.0.21">PowerAppsAppFramework_Anchor (1.0.0.21)</package>
        </Required>
        <Dependent type="AppSetting" displayName="parentappmoduleid.uniquename=imb_Imobiliaria,settingdefinitionid.uniquename=AppChannel" id.parentappmoduleid.uniquename="imb_Imobiliaria" id.settingdefinitionid.uniquename="AppChannel" />
      </MissingDependency>
    </MissingDependencies>
  </SolutionManifest>
</ImportExportXml>